Ref,Val,Package,PosX,PosY,Rot,Side
"R1","0","R_0603_1608Metric",162.204400,-89.166800,270.000000,top
"R2","0","R_0603_1608Metric",137.274300,-85.543200,90.000000,top
"SW1","SW_Push","TS-1187A-SMD_button",157.000000,-90.250000,180.000000,top
"SW2","SW_Push","TS-1187A-SMD_button",134.296800,-90.250000,180.000000,top
